{
    "colors": {
        "AIRWIRE": {
            "b": 0.9921568632125854,
            "g": 0.9137254953384399,
            "r": 0.545098066329956
        },
        "AIRWIRE_ROUTER": {
            "b": 0.7764706015586853,
            "g": 0.4745098054409027,
            "r": 1.0
        },
        "BACKGROUND": {
            "b": 0.21176470816135406,
            "g": 0.16470588743686676,
            "r": 0.1568627506494522
        },
        "BUS": {
            "b": 0.0,
            "g": 0.4000000059604645,
            "r": 1.0
        },
        "CONNECTION_LINE": {
            "b": 0.6000000238418579,
            "g": 0.0,
            "r": 0.699999988079071
        },
        "CURSOR_NORMAL": {
            "b": 0.42352941632270813,
            "g": 0.7215686440467834,
            "r": 1.0
        },
        "CURSOR_TARGET": {
            "b": 0.3333333432674408,
            "g": 0.3333333432674408,
            "r": 1.0
        },
        "DIFFPAIR": {
            "b": 0.0,
            "g": 1.0,
            "r": 0.5
        },
        "DIMENSION": {
            "b": 0.3529411852359772,
            "g": 0.27843138575553894,
            "r": 0.2666666805744171
        },
        "ERROR": {
            "b": 0.3333333432674408,
            "g": 0.3333333432674408,
            "r": 1.0
        },
        "FRAG_ORPHAN": {
            "b": 0.5490196347236633,
            "g": 0.9803921580314636,
            "r": 0.9450980424880981
        },
        "FRAME": {
            "b": 0.0,
            "g": 0.5,
            "r": 0.0
        },
        "GRID": {
            "b": 0.0,
            "g": 0.0,
            "r": 0.0
        },
        "HOLE": {
            "b": 0.9490196108818054,
            "g": 0.9725490212440491,
            "r": 0.9725490212440491
        },
        "JUNCTION": {
            "b": 0.5490196347236633,
            "g": 0.9803921580314636,
            "r": 0.9450980424880981
        },
        "MARKER_BORDER": {
            "b": 0.9490196108818054,
            "g": 0.9725490212440491,
            "r": 0.9725490212440491
        },
        "NET": {
            "b": 0.0,
            "g": 1.0,
            "r": 0.0
        },
        "NET_TIE": {
            "b": 0.5,
            "g": 0.10000000149011612,
            "r": 1.0
        },
        "NOPOPULATE_X": {
            "b": 0.4000000059604645,
            "g": 0.4000000059604645,
            "r": 0.800000011920929
        },
        "ORIGIN": {
            "b": 0.48235294222831726,
            "g": 0.9803921580314636,
            "r": 0.3137255012989044
        },
        "PIN": {
            "b": 1.0,
            "g": 1.0,
            "r": 1.0
        },
        "PIN_HIDDEN": {
            "b": 0.5,
            "g": 0.5,
            "r": 0.5
        },
        "PROJECTION": {
            "b": 0.48235294222831726,
            "g": 0.9803921580314636,
            "r": 0.3137255012989044
        },
        "SEARCH": {
            "b": 0.9921568632125854,
            "g": 0.9137254953384399,
            "r": 0.545098066329956
        },
        "SEARCH_CURRENT": {
            "b": 0.7764706015586853,
            "g": 0.4745098054409027,
            "r": 1.0
        },
        "SELECTABLE_ALWAYS": {
            "b": 0.42352941632270813,
            "g": 0.7215686440467834,
            "r": 1.0
        },
        "SELECTABLE_INNER": {
            "b": 0.42352941632270813,
            "g": 0.7215686440467834,
            "r": 1.0
        },
        "SELECTABLE_OUTER": {
            "b": 0.42352941632270813,
            "g": 0.7215686440467834,
            "r": 1.0
        },
        "SELECTABLE_PRELIGHT": {
            "b": 0.48235294222831726,
            "g": 0.9803921580314636,
            "r": 0.3137255012989044
        },
        "SELECTION_BOX": {
            "b": 0.42352941632270813,
            "g": 0.7215686440467834,
            "r": 1.0
        },
        "SELECTION_LINE": {
            "b": 0.42352941632270813,
            "g": 0.7215686440467834,
            "r": 1.0
        },
        "SHADOW": {
            "b": 0.3529411852359772,
            "g": 0.27843138575553894,
            "r": 0.2666666805744171
        },
        "TEXT_OVERLAY": {
            "b": 0.9490196108818054,
            "g": 0.9725490212440491,
            "r": 0.9725490212440491
        }
    },
    "layer_colors": {
        "-1": {
            "b": 0.7900000214576721,
            "g": 0.33443334698677063,
            "r": 0.7469058632850647
        },
        "-100": {
            "b": 0.9921568632125854,
            "g": 0.9137254953384399,
            "r": 0.545098066329956
        },
        "-110": {
            "b": 0.9764705896377563,
            "g": 0.5764706134796143,
            "r": 0.7411764860153198
        },
        "-120": {
            "b": 0.5490196347236633,
            "g": 0.9803921580314636,
            "r": 0.9450980424880981
        },
        "-130": {
            "b": 0.6431372761726379,
            "g": 0.4470588266849518,
            "r": 0.3843137323856354
        },
        "-140": {
            "b": 0.7764706015586853,
            "g": 0.4745098054409027,
            "r": 1.0
        },
        "-150": {
            "b": 0.6431372761726379,
            "g": 0.4470588266849518,
            "r": 0.3843137323856354
        },
        "-160": {
            "b": 0.48235294222831726,
            "g": 0.9803921580314636,
            "r": 0.3137255012989044
        },
        "-2": {
            "b": 0.8941176533699036,
            "g": 0.2980392277240753,
            "r": 0.27843138575553894
        },
        "-200": {
            "b": 1.0,
            "g": 1.0,
            "r": 1.0
        },
        "-3": {
            "b": 0.0,
            "g": 0.587837815284729,
            "r": 1.0
        },
        "-4": {
            "b": 0.42352941632270813,
            "g": 0.7215686440467834,
            "r": 1.0
        },
        "0": {
            "b": 0.3333333432674408,
            "g": 0.3333333432674408,
            "r": 1.0
        },
        "10": {
            "b": 0.7764706015586853,
            "g": 0.4745098054409027,
            "r": 1.0
        },
        "100": {
            "b": 0.9490196108818054,
            "g": 0.9725490212440491,
            "r": 0.9725490212440491
        },
        "10000": {
            "b": 1.0,
            "g": 1.0,
            "r": 1.0
        },
        "110": {
            "b": 0.6431372761726379,
            "g": 0.4470588266849518,
            "r": 0.3843137323856354
        },
        "20": {
            "b": 0.5490196347236633,
            "g": 0.9803921580314636,
            "r": 0.9450980424880981
        },
        "200": {
            "b": 0.9490196108818054,
            "g": 0.9725490212440491,
            "r": 0.9725490212440491
        },
        "30": {
            "b": 0.6431372761726379,
            "g": 0.4470588266849518,
            "r": 0.3843137323856354
        },
        "40": {
            "b": 0.9764705896377563,
            "g": 0.5764706134796143,
            "r": 0.7411764860153198
        },
        "50": {
            "b": 0.6431372761726379,
            "g": 0.4470588266849518,
            "r": 0.3843137323856354
        },
        "60": {
            "b": 0.48235294222831726,
            "g": 0.9803921580314636,
            "r": 0.3137255012989044
        }
    },
    "layered": true
}