{
    "colors": {
        "AIRWIRE": {
            "b": 1.0,
            "g": 1.0,
            "r": 0.0
        },
        "AIRWIRE_ROUTER": {
            "b": 0.0,
            "g": 1.0,
            "r": 1.0
        },
        "BACKGROUND": {
            "b": 0.21176470816135406,
            "g": 0.16470588743686676,
            "r": 0.1568627506494522
        },
        "BUS": {
            "b": 0.0,
            "g": 0.4000000059604645,
            "r": 1.0
        },
        "CONNECTION_LINE": {
            "b": 0.6000000238418579,
            "g": 0.0,
            "r": 0.699999988079071
        },
        "CURSOR_NORMAL": {
            "b": 0.42352941632270813,
            "g": 0.7215686440467834,
            "r": 1.0
        },
        "CURSOR_TARGET": {
            "b": 0.9921568632125854,
            "g": 0.9137254953384399,
            "r": 0.545098066329956
        },
        "DIFFPAIR": {
            "b": 0.18333333730697632,
            "g": 0.7333333492279053,
            "r": 0.4583333432674408
        },
        "DIMENSION": {
            "b": 1.0,
            "g": 1.0,
            "r": 1.0
        },
        "ERROR": {
            "b": 0.3333333432674408,
            "g": 0.3333333432674408,
            "r": 1.0
        },
        "FRAG_ORPHAN": {
            "b": 0.0,
            "g": 1.0,
            "r": 1.0
        },
        "FRAME": {
            "b": 0.3529411852359772,
            "g": 0.27843138575553894,
            "r": 0.2666666805744171
        },
        "GRID": {
            "b": 0.0,
            "g": 0.0,
            "r": 0.0
        },
        "HOLE": {
            "b": 1.0,
            "g": 1.0,
            "r": 1.0
        },
        "JUNCTION": {
            "b": 0.5490196347236633,
            "g": 0.9803921580314636,
            "r": 0.9450980424880981
        },
        "MARKER_BORDER": {
            "b": 1.0,
            "g": 1.0,
            "r": 1.0
        },
        "NET": {
            "b": 0.9921568632125854,
            "g": 0.9137254953384399,
            "r": 0.545098066329956
        },
        "NOPOPULATE_X": {
            "b": 0.4000000059604645,
            "g": 0.4000000059604645,
            "r": 0.800000011920929
        },
        "ORIGIN": {
            "b": 0.48235294222831726,
            "g": 0.9803921580314636,
            "r": 0.3137255012989044
        },
        "PIN": {
            "b": 0.7764706015586853,
            "g": 0.4745098054409027,
            "r": 1.0
        },
        "PIN_HIDDEN": {
            "b": 0.5,
            "g": 0.5,
            "r": 0.5
        },
        "PROJECTION": {
            "b": 0.30000001192092896,
            "g": 0.800000011920929,
            "r": 0.699999988079071
        },
        "SEARCH": {
            "b": 1.0,
            "g": 0.0,
            "r": 0.0
        },
        "SEARCH_CURRENT": {
            "b": 1.0,
            "g": 0.0,
            "r": 1.0
        },
        "SELECTABLE_ALWAYS": {
            "b": 0.42352941632270813,
            "g": 0.7215686440467834,
            "r": 1.0
        },
        "SELECTABLE_INNER": {
            "b": 0.42352941632270813,
            "g": 0.7215686440467834,
            "r": 1.0
        },
        "SELECTABLE_OUTER": {
            "b": 0.42352941632270813,
            "g": 0.7215686440467834,
            "r": 1.0
        },
        "SELECTABLE_PRELIGHT": {
            "b": 0.18080000579357147,
            "g": 0.753333330154419,
            "r": 0.23495855927467346
        },
        "SELECTION_BOX": {
            "b": 0.42352941632270813,
            "g": 0.7215686440467834,
            "r": 1.0
        },
        "SELECTION_LINE": {
            "b": 0.42352941632270813,
            "g": 0.7215686440467834,
            "r": 1.0
        },
        "SHADOW": {
            "b": 0.30000001192092896,
            "g": 0.30000001192092896,
            "r": 0.30000001192092896
        },
        "TEXT_OVERLAY": {
            "b": 1.0,
            "g": 1.0,
            "r": 1.0
        }
    },
    "layer_colors": {
        "-1": {
            "b": 0.0,
            "g": 1.0,
            "r": 1.0
        },
        "-100": {
            "b": 0.0,
            "g": 0.5,
            "r": 0.0
        },
        "-110": {
            "b": 0.25,
            "g": 0.5,
            "r": 0.25
        },
        "-120": {
            "b": 0.8999999761581421,
            "g": 0.8999999761581421,
            "r": 0.8999999761581421
        },
        "-130": {
            "b": 0.800000011920929,
            "g": 0.800000011920929,
            "r": 0.800000011920929
        },
        "-140": {
            "b": 0.5,
            "g": 0.5,
            "r": 0.5
        },
        "-150": {
            "b": 0.5,
            "g": 0.5,
            "r": 0.5
        },
        "-160": {
            "b": 0.5,
            "g": 0.5,
            "r": 0.5
        },
        "-2": {
            "b": 0.0,
            "g": 1.0,
            "r": 1.0
        },
        "-200": {
            "b": 1.0,
            "g": 1.0,
            "r": 1.0
        },
        "-3": {
            "b": 0.0,
            "g": 1.0,
            "r": 1.0
        },
        "-4": {
            "b": 0.0,
            "g": 1.0,
            "r": 1.0
        },
        "0": {
            "b": 0.9764705896377563,
            "g": 0.5764706134796143,
            "r": 0.7411764860153198
        },
        "10": {
            "b": 0.5,
            "g": 0.5,
            "r": 1.0
        },
        "100": {
            "b": 0.0,
            "g": 0.6000000238418579,
            "r": 0.6000000238418579
        },
        "10000": {
            "b": 0.7764706015586853,
            "g": 0.4745098054409027,
            "r": 1.0
        },
        "110": {
            "b": 0.0,
            "g": 0.6000000238418579,
            "r": 0.6000000238418579
        },
        "20": {
            "b": 0.8999999761581421,
            "g": 0.8999999761581421,
            "r": 0.8999999761581421
        },
        "200": {
            "b": 1.0,
            "g": 1.0,
            "r": 1.0
        },
        "30": {
            "b": 0.800000011920929,
            "g": 0.800000011920929,
            "r": 0.800000011920929
        },
        "40": {
            "b": 0.5,
            "g": 0.5,
            "r": 0.5
        },
        "50": {
            "b": 0.5,
            "g": 0.5,
            "r": 0.5
        },
        "60": {
            "b": 0.5,
            "g": 0.5,
            "r": 0.5
        }
    },
    "layered": false
}